difficulty,avg_total_cooking_time
medium,44.21052631578947
hard,78.33333333333333
easy,14.92
